,Shot Metric,Shooting Side,Non-Shooting Side,Shooting Side,Non-Shooting Side
0,Forearm Angle(°),-3.643333333333333,11.176666666666668,-7.923333333333333,20.2
1,Shoulder Angle(°),96.75666666666666,95.68333333333332,138.79333333333332,112.77666666666666
2,Torso Angle(°),-1.8766666666666663,-1.8766666666666663,-0.14666666666666664,-0.14666666666666664
3,Hip Angle(°),-7.0566666666666675,-4.916666666666667,-6.483333333333334,-6.283333333333334
4,Knee Angle(°),-0.7799999999999999,-4.18,-0.9633333333333334,-3.8699999999999997
5,Lower Leg Angle(°),8.323333333333332,-9.363333333333332,8.576666666666666,-9.63
6,Feet Width(in),19.033333333333335,19.033333333333335,19.743333333333336,19.743333333333336
7,Foot Angle(°),-0.0766666666666667,7.116666666666667,-0.48333333333333334,4.57
