,Shot Metric,Shooting Side,Non-Shooting Side,Shooting Side,Non-Shooting Side
0,Forearm Angle(°),-22.63,12.553333333333333,-23.819999999999997,11.530000000000001
1,Shoulder Angle(°),103.28333333333335,116.21333333333332,107.37666666666667,117.99
2,Torso Angle(°),1.3800000000000001,1.3800000000000001,1.3266666666666667,1.3266666666666667
3,Hip Angle(°),-6.239999999999999,-9.406666666666668,-8.046666666666667,-9.040000000000001
4,Knee Angle(°),2.28,1.2133333333333332,1.3133333333333335,1.0
5,Lower Leg Angle(°),12.579999999999998,2.3400000000000003,14.253333333333332,3.143333333333333
6,Feet Width(in),18.09,18.09,18.953333333333333,18.953333333333333
7,Foot Angle(°),6.36,1.2566666666666666,7.94,0.10999999999999999
