,Shot Metric,Shooting Side,Non-Shooting Side,Shooting Side,Non-Shooting Side
0,Forearm Angle(°),-30.8,9.396666666666667,-30.00333333333333,8.87
1,Shoulder Angle(°),85.09333333333332,101.81,89.28666666666665,103.91666666666667
2,Torso Angle(°),5.896666666666667,5.896666666666667,5.43,5.43
3,Hip Angle(°),-2.9766666666666666,-6.756666666666667,-6.4433333333333325,-7.763333333333333
4,Knee Angle(°),-2.513333333333333,-2.893333333333333,-1.3033333333333335,-3.466666666666667
5,Lower Leg Angle(°),18.613333333333333,3.5766666666666667,18.276666666666667,4.056666666666667
6,Feet Width(in),17.709999999999997,17.709999999999997,18.919999999999998,18.919999999999998
7,Foot Angle(°),12.376666666666665,-1.11,11.046666666666667,-1.9166666666666667
