,Shot Metric,Shooting Side,Non-Shooting Side,Shooting Side,Non-Shooting Side
0,Forearm Angle(°),-11.51,11.040000000000001,-11.6175,11.175
1,Shoulder Angle(°),137.135,130.42000000000002,136.44,128.925
2,Torso Angle(°),-1.335,-1.335,-3.2075,-3.2075
3,Hip Angle(°),-5.21,-0.63,-5.805000000000001,-2.095
4,Knee Angle(°),-2.165,-3.755,-2.7725,-4.0600000000000005
5,Lower Leg Angle(°),8.17,-2.55,8.26,-4.800000000000001
6,Feet Width(in),14.205,14.205,15.434999999999999,15.434999999999999
7,Foot Angle(°),3.95,22.490000000000002,3.5375000000000005,24.947499999999998
