,Shot Metric,Shooting Side,Non-Shooting Side,Shooting Side,Non-Shooting Side
0,Forearm Angle(°),-22.755000000000003,8.440000000000001,-19.93,9.055000000000001
1,Shoulder Angle(°),111.37,122.78,117.1875,125.86749999999998
2,Torso Angle(°),2.415,2.415,0.01750000000000007,0.01750000000000007
3,Hip Angle(°),-0.32499999999999996,-5.235,-0.915,-6.317500000000001
4,Knee Angle(°),-0.42999999999999994,3.615,0.13,1.6050000000000004
5,Lower Leg Angle(°),17.63,12.959999999999999,14.0825,8.505
6,Feet Width(in),11.190000000000001,11.190000000000001,12.7775,12.7775
7,Foot Angle(°),12.864999999999998,11.059999999999999,11.0475,12.004999999999999
