,Shot Metric,Shooting Side,Non-Shooting Side,Shooting Side,Non-Shooting Side
0,Forearm Angle(°),-32.275,10.98,-30.107499999999998,12.36
1,Shoulder Angle(°),87.025,102.22,88.4625,103.3775
2,Torso Angle(°),7.785,7.785,5.275,5.275
3,Hip Angle(°),7.99,-3.51,1.795,-3.08
4,Knee Angle(°),-10.2,0.08500000000000002,-3.8949999999999996,-0.6649999999999999
5,Lower Leg Angle(°),31.125,22.375,23.185,18.725
6,Feet Width(in),10.27,10.27,11.345,11.345
7,Foot Angle(°),14.75,-0.73,14.23,-1.135
