,Shot Metric,Shooting Side,Non-Shooting Side,Shooting Side,Non-Shooting Side
0,Forearm Angle(°),-12.024999999999999,6.02,-9.37,19.61
1,Shoulder Angle(°),140.56,135.92,151.57,133.42
2,Torso Angle(°),-3.7199999999999998,-3.7199999999999998,0.0,0.0
3,Hip Angle(°),-4.3100000000000005,-6.395,-5.32,-3.99
4,Knee Angle(°),-0.96,-2.83,0.13,-4.06
5,Lower Leg Angle(°),8.309999999999999,-5.64,6.55,-6.32
6,Feet Width(in),17.28,17.28,16.75,16.75
7,Foot Angle(°),4.105,22.02,3.36,13.74
