,Shot Metric,Shooting Side,Non-Shooting Side,Shooting Side,Non-Shooting Side
0,Forearm Angle(°),-22.575000000000003,10.265,-22.37,12.43
1,Shoulder Angle(°),109.86500000000001,119.02,111.24,120.59
2,Torso Angle(°),-0.27999999999999997,-0.27999999999999997,0.17,0.17
3,Hip Angle(°),-4.045,-9.605,-3.89,-9.04
4,Knee Angle(°),1.795,3.8600000000000003,1.02,2.28
5,Lower Leg Angle(°),11.754999999999999,5.29,11.21,2.52
6,Feet Width(in),15.995,15.995,16.33,16.33
7,Foot Angle(°),5.63,7.6850000000000005,6.39,9.53
