,Shot Metric,Shooting Side,Non-Shooting Side,Shooting Side,Non-Shooting Side
0,Forearm Angle(°),-31.450000000000003,9.129999999999999,-27.94,11.79
1,Shoulder Angle(°),90.465,104.07,91.63,103.46
2,Torso Angle(°),6.195,6.195,5.2,5.2
3,Hip Angle(°),-1.2200000000000002,-8.605,-0.12,-9.78
4,Knee Angle(°),-2.505,0.27499999999999997,-3.98,0.45
5,Lower Leg Angle(°),18.335,11.129999999999999,16.54,7.46
6,Feet Width(in),15.49,15.49,15.69,15.69
7,Foot Angle(°),11.575,1.075,10.17,-0.25
